sample_id,turn,img_idxes,image_files,question,answer
18,1,0;1;2,/fs/nexus-scratch/byan1/MMDU-main/_mmdu_pics/mmdu_pics/Bk7v_G3xK0zil-o8khWl_1.jpg;/fs/nexus-scratch/byan1/MMDU-main/_mmdu_pics/mmdu_pics/Bk7v_GHxK0zil-o8khTt_1.jpg;/fs/nexus-scratch/byan1/MMDU-main/_mmdu_pics/mmdu_pics/Bk7v_KDxK0zil-o8khi8_1.jpg,Image1: <ImageHere>. What are the distinct characteristics observed in the flowers and leaves of the plant in the Image1?,The flowers are pink and the leaves are green.
18,2,0;1;2,/fs/nexus-scratch/byan1/MMDU-main/_mmdu_pics/mmdu_pics/Bk7v_G3xK0zil-o8khWl_1.jpg;/fs/nexus-scratch/byan1/MMDU-main/_mmdu_pics/mmdu_pics/Bk7v_GHxK0zil-o8khTt_1.jpg;/fs/nexus-scratch/byan1/MMDU-main/_mmdu_pics/mmdu_pics/Bk7v_KDxK0zil-o8khi8_1.jpg,Describe the time of day the flowers of the plant in the Image1 are likely to open and close.,Morning
18,3,0;1;2,/fs/nexus-scratch/byan1/MMDU-main/_mmdu_pics/mmdu_pics/Bk7v_G3xK0zil-o8khWl_1.jpg;/fs/nexus-scratch/byan1/MMDU-main/_mmdu_pics/mmdu_pics/Bk7v_GHxK0zil-o8khTt_1.jpg;/fs/nexus-scratch/byan1/MMDU-main/_mmdu_pics/mmdu_pics/Bk7v_KDxK0zil-o8khi8_1.jpg,"How tall can the plant in the Image1 grow, and what is unique about its stems?","The plant in Image1 can grow quite tall, and its stems are unique because they are purple."
18,4,0;1;2,/fs/nexus-scratch/byan1/MMDU-main/_mmdu_pics/mmdu_pics/Bk7v_G3xK0zil-o8khWl_1.jpg;/fs/nexus-scratch/byan1/MMDU-main/_mmdu_pics/mmdu_pics/Bk7v_GHxK0zil-o8khTt_1.jpg;/fs/nexus-scratch/byan1/MMDU-main/_mmdu_pics/mmdu_pics/Bk7v_KDxK0zil-o8khi8_1.jpg,Image2: <ImageHere>. What distinctive characteristics can be observed in the plant shown in the Image2?,The plant in Image2 has spiky green and yellow flowers.
18,5,0;1;2,/fs/nexus-scratch/byan1/MMDU-main/_mmdu_pics/mmdu_pics/Bk7v_G3xK0zil-o8khWl_1.jpg;/fs/nexus-scratch/byan1/MMDU-main/_mmdu_pics/mmdu_pics/Bk7v_GHxK0zil-o8khTt_1.jpg;/fs/nexus-scratch/byan1/MMDU-main/_mmdu_pics/mmdu_pics/Bk7v_KDxK0zil-o8khi8_1.jpg,How might the structural features of the plant in the Image2 aid in its seed dispersion?,"The plant in Image2 has numerous small, spiky, green and yellow structures that aid in seed dispersion by catching wind and allowing the seeds to be carried away from the parent plant."
18,6,0;1;2,/fs/nexus-scratch/byan1/MMDU-main/_mmdu_pics/mmdu_pics/Bk7v_G3xK0zil-o8khWl_1.jpg;/fs/nexus-scratch/byan1/MMDU-main/_mmdu_pics/mmdu_pics/Bk7v_GHxK0zil-o8khTt_1.jpg;/fs/nexus-scratch/byan1/MMDU-main/_mmdu_pics/mmdu_pics/Bk7v_KDxK0zil-o8khi8_1.jpg,What potential impact could the plant in the Image2 have on grazing animals?,"The plant in Image2, which appears to be a thistle, could have a negative impact on grazing animals due to its sharp spines and thorns."
18,7,0;1;2,/fs/nexus-scratch/byan1/MMDU-main/_mmdu_pics/mmdu_pics/Bk7v_G3xK0zil-o8khWl_1.jpg;/fs/nexus-scratch/byan1/MMDU-main/_mmdu_pics/mmdu_pics/Bk7v_GHxK0zil-o8khTt_1.jpg;/fs/nexus-scratch/byan1/MMDU-main/_mmdu_pics/mmdu_pics/Bk7v_KDxK0zil-o8khi8_1.jpg,Image3: <ImageHere>. What types of activities or industries might benefit from the plants shown in the Image3?,Wine production
18,8,0;1;2,/fs/nexus-scratch/byan1/MMDU-main/_mmdu_pics/mmdu_pics/Bk7v_G3xK0zil-o8khWl_1.jpg;/fs/nexus-scratch/byan1/MMDU-main/_mmdu_pics/mmdu_pics/Bk7v_GHxK0zil-o8khTt_1.jpg;/fs/nexus-scratch/byan1/MMDU-main/_mmdu_pics/mmdu_pics/Bk7v_KDxK0zil-o8khi8_1.jpg,How might the plants in the Image3 contribute to cultural and economic practices in warm temperate regions?,"Image3 shows bunches of yellow grapes growing on a vine, which are a valuable agricultural product in warm temperate regions, contributing to the local economy and cultural practices through wine production and consumption."
18,9,0;1;2,/fs/nexus-scratch/byan1/MMDU-main/_mmdu_pics/mmdu_pics/Bk7v_G3xK0zil-o8khWl_1.jpg;/fs/nexus-scratch/byan1/MMDU-main/_mmdu_pics/mmdu_pics/Bk7v_GHxK0zil-o8khTt_1.jpg;/fs/nexus-scratch/byan1/MMDU-main/_mmdu_pics/mmdu_pics/Bk7v_KDxK0zil-o8khi8_1.jpg,What can be inferred about the climate preferences for the growth of the plants depicted in the Image3?,The plants in Image3 prefer a warm climate.
18,10,0;1;2,/fs/nexus-scratch/byan1/MMDU-main/_mmdu_pics/mmdu_pics/Bk7v_G3xK0zil-o8khWl_1.jpg;/fs/nexus-scratch/byan1/MMDU-main/_mmdu_pics/mmdu_pics/Bk7v_GHxK0zil-o8khTt_1.jpg;/fs/nexus-scratch/byan1/MMDU-main/_mmdu_pics/mmdu_pics/Bk7v_KDxK0zil-o8khi8_1.jpg,"Describe the primary differences in the physical appearance of the plants shown in Image1, Image2, and Image3.","Image1 has green leaves, Image2 has yellow grapes, and Image3 has green leaves and yellow grapes."
18,11,0;1;2,/fs/nexus-scratch/byan1/MMDU-main/_mmdu_pics/mmdu_pics/Bk7v_G3xK0zil-o8khWl_1.jpg;/fs/nexus-scratch/byan1/MMDU-main/_mmdu_pics/mmdu_pics/Bk7v_GHxK0zil-o8khTt_1.jpg;/fs/nexus-scratch/byan1/MMDU-main/_mmdu_pics/mmdu_pics/Bk7v_KDxK0zil-o8khi8_1.jpg,"What are the ecological roles or benefits of the plants shown in Image1, Image2, and Image3?",Provides food and habitat for pollinators.
18,12,0;1;2,/fs/nexus-scratch/byan1/MMDU-main/_mmdu_pics/mmdu_pics/Bk7v_G3xK0zil-o8khWl_1.jpg;/fs/nexus-scratch/byan1/MMDU-main/_mmdu_pics/mmdu_pics/Bk7v_GHxK0zil-o8khTt_1.jpg;/fs/nexus-scratch/byan1/MMDU-main/_mmdu_pics/mmdu_pics/Bk7v_KDxK0zil-o8khi8_1.jpg,Compare the environments in which the plants in Image1 and Image2 typically thrive. How do these environments differ from those suitable for the plant in Image3?,"Image1 and Image2 typically thrive in environments with abundant sunlight and well-drained soil, while Image3 prefers a cooler climate with moderate rainfall."
18,13,0;1;2,/fs/nexus-scratch/byan1/MMDU-main/_mmdu_pics/mmdu_pics/Bk7v_G3xK0zil-o8khWl_1.jpg;/fs/nexus-scratch/byan1/MMDU-main/_mmdu_pics/mmdu_pics/Bk7v_GHxK0zil-o8khTt_1.jpg;/fs/nexus-scratch/byan1/MMDU-main/_mmdu_pics/mmdu_pics/Bk7v_KDxK0zil-o8khi8_1.jpg,"What might be the historical or cultural significance of the plants depicted in Image1, Image2, and Image3?","The plants depicted in Image1, Image2, and Image3 are grapes, which have been cultivated for thousands of years for their fruit and are a symbol of abundance and celebration in many cultures."
18,14,0;1;2,/fs/nexus-scratch/byan1/MMDU-main/_mmdu_pics/mmdu_pics/Bk7v_G3xK0zil-o8khWl_1.jpg;/fs/nexus-scratch/byan1/MMDU-main/_mmdu_pics/mmdu_pics/Bk7v_GHxK0zil-o8khTt_1.jpg;/fs/nexus-scratch/byan1/MMDU-main/_mmdu_pics/mmdu_pics/Bk7v_KDxK0zil-o8khi8_1.jpg,How might the flowers in Image1 and the burs in Image2 interact with their surroundings? Contrast this with the fruit in Image3.,"The flowers in Image1 and the burs in Image2 are part of the plant's reproductive process, while the fruit in Image3 is the plant's means of propagation."
18,15,0;1;2,/fs/nexus-scratch/byan1/MMDU-main/_mmdu_pics/mmdu_pics/Bk7v_G3xK0zil-o8khWl_1.jpg;/fs/nexus-scratch/byan1/MMDU-main/_mmdu_pics/mmdu_pics/Bk7v_GHxK0zil-o8khTt_1.jpg;/fs/nexus-scratch/byan1/MMDU-main/_mmdu_pics/mmdu_pics/Bk7v_KDxK0zil-o8khi8_1.jpg,"Identify and explain the potential human uses for the plants depicted in Image1, Image2, and Image3.",Grapes for wine production.
18,16,0;1;2,/fs/nexus-scratch/byan1/MMDU-main/_mmdu_pics/mmdu_pics/Bk7v_G3xK0zil-o8khWl_1.jpg;/fs/nexus-scratch/byan1/MMDU-main/_mmdu_pics/mmdu_pics/Bk7v_GHxK0zil-o8khTt_1.jpg;/fs/nexus-scratch/byan1/MMDU-main/_mmdu_pics/mmdu_pics/Bk7v_KDxK0zil-o8khi8_1.jpg,"Discuss the potential challenges or dangers posed by the plants shown in Image1, Image2, and Image3 to other living organisms.","The plants shown in Image1, Image2, and Image3 are grapes, and they pose no significant challenges or dangers to other living organisms."
18,17,0;1;2,/fs/nexus-scratch/byan1/MMDU-main/_mmdu_pics/mmdu_pics/Bk7v_G3xK0zil-o8khWl_1.jpg;/fs/nexus-scratch/byan1/MMDU-main/_mmdu_pics/mmdu_pics/Bk7v_GHxK0zil-o8khTt_1.jpg;/fs/nexus-scratch/byan1/MMDU-main/_mmdu_pics/mmdu_pics/Bk7v_KDxK0zil-o8khi8_1.jpg,"Reflect on the emotional or aesthetic appeal of the plants in Image1, Image2, and Image3 and explain how they might influence human emotions or actions.","The grapes in Image1 are yellow and green, suggesting a healthy and ripe harvest."
