sample_id,turn,img_idxes,image_files,prompt,answer
0,1,0;1,/fs/nexus-scratch/byan1/MMDU-main/_mmdu_pics/mmdu_pics/Bk7v-8fxK0zil8fC1c1f_1.jpg;/fs/nexus-scratch/byan1/MMDU-main/_mmdu_pics/mmdu_pics/Bk7v-9vxK0zil8fC1c6H_1.jpg,"You are given 2 images as one panel. When I say ImageK, I mean the K-th tile in row-major order (left→right, top→bottom). Answer in one concise sentence.
Q: Image1: <ImageHere>. What is the primary color observed on the body of the bird in the Image1?
A:",Green This duck is swimming in a pond with some grasses and plants and some water plants growing on the ground in the middle of a swamp of some sort it looks like it's in some kind of pond or lake or maybe a river maybe a lake with a small pond in it the duck has brown feathers a brown head brown eyes some brown on its back its feet look like they're brown but they might be black there's some brown around its neck around its legs this duck looks a little bit like a mallard so maybe it is a [TRUNCATED?]
0,2,0;1,/fs/nexus-scratch/byan1/MMDU-main/_mmdu_pics/mmdu_pics/Bk7v-8fxK0zil8fC1c1f_1.jpg;/fs/nexus-scratch/byan1/MMDU-main/_mmdu_pics/mmdu_pics/Bk7v-9vxK0zil8fC1c6H_1.jpg,"You are given 2 images as one panel. When I say ImageK, I mean the K-th tile in row-major order (left→right, top→bottom). Answer in one concise sentence.
Q: Based on the Image1, how would you describe the physical setting where the bird is found?
A:",The duck is swimming in a pond The duck has brown feathers and a brown beak It is brown in color There are green leaves floating on top of the water You can see the duck's eyes Its body is shaped like a duck Answers [TRUNCATED?]
0,3,0;1,/fs/nexus-scratch/byan1/MMDU-main/_mmdu_pics/mmdu_pics/Bk7v-8fxK0zil8fC1c1f_1.jpg;/fs/nexus-scratch/byan1/MMDU-main/_mmdu_pics/mmdu_pics/Bk7v-9vxK0zil8fC1c6H_1.jpg,"You are given 2 images as one panel. When I say ImageK, I mean the K-th tile in row-major order (left→right, top→bottom). Answer in one concise sentence.
Q: What features in the Image1 demonstrate the bird's potential for sociability and interaction with its environment?
A:",The bird is swimming in shallow water and has a large beak. [TRUNCATED?]
0,4,0;1,/fs/nexus-scratch/byan1/MMDU-main/_mmdu_pics/mmdu_pics/Bk7v-8fxK0zil8fC1c1f_1.jpg;/fs/nexus-scratch/byan1/MMDU-main/_mmdu_pics/mmdu_pics/Bk7v-9vxK0zil8fC1c6H_1.jpg,"You are given 2 images as one panel. When I say ImageK, I mean the K-th tile in row-major order (left→right, top→bottom). Answer in one concise sentence.
Q: Image2: <ImageHere>. Based on Image2, describe the various color patterns observed in the fish shown.
A:","The fish are red, black, and orange Image2 Red, Black, Orange The fish in this image are all red and black. [TRUNCATED?]"
0,5,0;1,/fs/nexus-scratch/byan1/MMDU-main/_mmdu_pics/mmdu_pics/Bk7v-8fxK0zil8fC1c1f_1.jpg;/fs/nexus-scratch/byan1/MMDU-main/_mmdu_pics/mmdu_pics/Bk7v-9vxK0zil8fC1c6H_1.jpg,"You are given 2 images as one panel. When I say ImageK, I mean the K-th tile in row-major order (left→right, top→bottom). Answer in one concise sentence.
Q: What could be the significance of the plants shown in Image2 to the habitat of the fish?
A:",The plants in the image are used for food and shelter by the fishes image2 2 3 4 5 6 7 8 9 10 11 12 13 14 15 16 17 18 19 20 21 22 23 24 25 26 27 28 29 30 31 32 33 34 35 36 37 38 39 40 41 42 43 44 45 46 47 48 49 50 51 52 53 54 55 56 57 58 59 60 61 62 63 64 65 66 67 68 69 70 71 72 73 74 75 76 77 78 79 80 81 82 83 84 85 86 87 88 89 90 91 92 93 94 95 96 97 98 99 [TRUNCATED?]
0,6,0;1,/fs/nexus-scratch/byan1/MMDU-main/_mmdu_pics/mmdu_pics/Bk7v-8fxK0zil8fC1c1f_1.jpg;/fs/nexus-scratch/byan1/MMDU-main/_mmdu_pics/mmdu_pics/Bk7v-9vxK0zil8fC1c6H_1.jpg,"You are given 2 images as one panel. When I say ImageK, I mean the K-th tile in row-major order (left→right, top→bottom). Answer in one concise sentence.
Q: Explain the possible relationships and interactions among the fish in Image2, considering their positioning and movement.
A:","The red fish is the male, the orange fish the female, and the black fish a baby. [TRUNCATED?]"
0,7,0;1,/fs/nexus-scratch/byan1/MMDU-main/_mmdu_pics/mmdu_pics/Bk7v-8fxK0zil8fC1c1f_1.jpg;/fs/nexus-scratch/byan1/MMDU-main/_mmdu_pics/mmdu_pics/Bk7v-9vxK0zil8fC1c6H_1.jpg,"You are given 2 images as one panel. When I say ImageK, I mean the K-th tile in row-major order (left→right, top→bottom). Answer in one concise sentence.
Q: Describe the different environments depicted in Image1 and Image2.
A:",Image 1 is a tropical fish tank with a small pond in the background. [TRUNCATED?]
0,8,0;1,/fs/nexus-scratch/byan1/MMDU-main/_mmdu_pics/mmdu_pics/Bk7v-8fxK0zil8fC1c1f_1.jpg;/fs/nexus-scratch/byan1/MMDU-main/_mmdu_pics/mmdu_pics/Bk7v-9vxK0zil8fC1c6H_1.jpg,"You are given 2 images as one panel. When I say ImageK, I mean the K-th tile in row-major order (left→right, top→bottom). Answer in one concise sentence.
Q: Compare the colors and markings seen on the creatures in Image1 and Image2.
A:","The red fish in image 1 is a cardinal tetra, while the red and black fish is an angel fish image2 red fish, cardinal fish and angelfish cardinal tetras, redfish and angels angel fish with red fins angels with black fins and red spots black angels with white fins, black spots and white spots, angel fishes, angels and fishes fish with blue fins with yellow spots on their sides blue angels, blue angels fish tank, fish tanks, aquariums the blue angel, the blue angelfish, and the yellow angel a blue and yellow fish that is not [TRUNCATED?]"
0,9,0;1,/fs/nexus-scratch/byan1/MMDU-main/_mmdu_pics/mmdu_pics/Bk7v-8fxK0zil8fC1c1f_1.jpg;/fs/nexus-scratch/byan1/MMDU-main/_mmdu_pics/mmdu_pics/Bk7v-9vxK0zil8fC1c6H_1.jpg,"You are given 2 images as one panel. When I say ImageK, I mean the K-th tile in row-major order (left→right, top→bottom). Answer in one concise sentence.
Q: What can you infer about the behaviors or activities of the creatures in Image1 and Image2 based on their appearances?
A:",The creatures are swimming in a tank filled with water. [TRUNCATED?]
0,10,0;1,/fs/nexus-scratch/byan1/MMDU-main/_mmdu_pics/mmdu_pics/Bk7v-8fxK0zil8fC1c1f_1.jpg;/fs/nexus-scratch/byan1/MMDU-main/_mmdu_pics/mmdu_pics/Bk7v-9vxK0zil8fC1c6H_1.jpg,"You are given 2 images as one panel. When I say ImageK, I mean the K-th tile in row-major order (left→right, top→bottom). Answer in one concise sentence.
Q: Discuss the possible social structures or group interactions of the subjects in Image1 and Image2.
A:",Image 1 is a group of fish in a tank. [TRUNCATED?]
